temp,humidity,pressure,temp_tomorrow
19.36350297118406,41.10797573031718,1006.5426420933976,19.427976952761448
33.767857660247905,62.514056842701486,1006.1744699768,31.876166717266226
28.299848545285126,82.37675015258449,1022.6563645130259,25.54814968405686
24.966462104925917,73.93349318457368,1006.2386549962376,18.537876023296164
13.900466011060914,78.39366887168698,1006.7987431532158,12.404670538249364
13.899863008405067,69.52700200264304,1018.9849565604491,10.946013970740626
11.452090304204987,71.53659387107115,1011.2434960612635,7.136706332159022
31.654403644373378,80.95173909391916,1019.4177639238795,27.893593624361923
25.02787529358022,44.98008053155115,1001.6341539391096,19.22640080120602
27.70181444490114,59.36549781858843,1012.1892798418346,25.55084517693306
10.51461235739506,43.27256650917613,1000.8403400045821,6.2922410155721105
34.247746304049855,89.26008047979883,1001.5663300863839,27.079401708372846
30.811066020010543,86.64356038119679,1022.6609363336103,23.434169628514923
15.308477766956905,32.365608682110356,1003.4811342779399,15.915574082831238
14.545624180177516,72.33451035094131,1013.3105170568804,9.670371875244873
14.585112746335845,85.51489904493995,1010.2773900650177,13.376823213921845
17.60605607398844,40.83452070764001,1008.6835831564711,14.492727112501845
23.11891079080595,64.07671383315777,1022.4958336421818,16.500359183962164
20.798625466052894,84.92929785528251,1000.5455849193872,14.319111693391449
17.28072850495105,32.03675871514793,1016.5947421543897,18.15051380920753
25.296322368059485,71.84521603481039,1024.0848608553388,21.392265210445633
13.487346516301045,47.840940442353045,1014.004204586546,9.998724901202191
17.303616213380455,85.46377172259182,1023.4205615508273,13.350464078956438
19.159046082342293,88.26349470992207,1001.3064469821506,15.74943681918128
21.4017496054259,86.65598934680604,1010.469832976854,19.30374776989052
29.62939903482534,58.45285299944783,1006.5039447740513,29.603754844638804
14.991844553958995,81.72255905935882,1018.2705241245183,10.186179309412882
22.85586096034029,80.67296391210422,1024.5324272624312,16.170117392571
24.810364221551062,49.146028394595334,1006.4132515611062,21.52613247957474
11.161260317999943,79.73492844904064,1016.3543650368518,7.695074908713682
25.18862129753596,32.220458082929554,1004.9524408189935,21.65008054096826
14.263103092182288,65.77619270892319,1014.1332563642902,9.059991626946042
11.626289824631987,43.80053023726218,1011.5983121672084,10.123839075868649
33.722138431333335,37.23401314663673,1024.3001332407885,31.763133070860597
34.14080082686398,34.61719209775255,1015.2131818174116,32.47553521279953
30.209933702911528,71.77732655268838,1008.7376593021704,25.104076705876967
17.61534422933427,50.39249782608397,1002.8523946221983,14.634917909618535
12.441802850159597,73.48600629172569,1003.7811707183733,6.919036247036704
27.105825662803923,33.92138044793654,1005.6329232487809,27.19015346265667
21.003812343490033,48.91742026983662,1006.2741665335075,20.628439999445707
13.05095587111947,62.36947754252023,1021.2654014460285,6.240106269517271
22.379422752781757,77.44338989033781,1014.0305697070631,16.648231537880044
10.85971302788046,49.12515017592419,1013.0847727843592,5.410397008904092
32.73301005196955,67.55348258622055,1002.8692217967305,28.055288053844727
16.469499540000424,83.15866489417124,1021.5034923337358,12.144690355711141
26.56305710884955,66.95179129093827,1018.0703575802121,20.316177104905574
17.792776902235275,43.97756848521803,1001.6917090475,13.750178851723746
23.00170052944527,31.464046893392283,1017.6958774307442,19.42058344061266
23.66775698358199,82.2059324340558,1013.5884554335662,19.971995020677088
14.621361388138176,31.27616465102323,1002.0431336436694,13.196241829659515
34.239615694113965,82.48210036105196,1011.4575160382165,28.67203556938686
29.378320584027865,61.73622804163272,1012.1174071782511,26.645150926225025
33.48747353910473,86.34406191077377,1004.1443635040819,28.07691027439151
32.37068376069122,77.92699414641993,1023.642453675007,27.931023832718118
24.94749947027713,89.87604663200025,1021.2493842870166,23.800601319274193
33.04685587557792,51.04270892710261,1016.7255584332277,33.17564253280349
12.212312551297988,76.0312973358676,1011.5573890250151,5.811585210649412
14.89957156047863,54.11585481655453,1010.2941385396127,13.853243655409253
11.130682222763452,58.79253721823453,1016.2743366787738,9.81384847083491
18.133258269081608,67.6503277931022,1013.6357967351727,12.454215301921261
19.71693224223705,82.42062685118032,1001.5568276470472,17.233456187187755
16.783725794347397,89.04500815195772,1012.8125662192583,15.407339223574617
30.718437728798232,76.0964048318711,1020.160090430821,24.66852787471585
18.918833167339734,55.066006930040025,1011.4809969399239,14.330527178809206
17.023362742184517,55.281420136624206,1001.2989144388567,16.294614669040314
23.567402078956214,74.25493809533349,1019.6569549846008,20.397645795840834
13.523105624369066,44.32662874609814,1005.0340945533993,12.409726737543204
30.054924518850992,36.62844678788368,1006.465520872201,28.904680612257803
11.86376609199427,51.27732945844659,1004.1176588358074,10.08129146092823
34.672173415012935,47.2343394992449,1008.2553766217875,29.657512183428526
29.306119232416435,47.778487227359406,1018.9187876422159,29.011830284291364
14.96789203835431,44.0164650629946,1012.9846464875984,15.106248770060128
10.13805292809006,32.525591378181716,1005.1220318537678,8.052991871044918
30.386535711370854,31.072436084004828,1021.945751953801,28.745960007542887
27.67143359619043,89.26334338416189,1021.9895463737882,20.14605142187089
28.225179201024684,55.66638802415174,1021.7644606261501,26.470369311852764
29.281758667148644,53.0595988295809,1005.9699052845385,27.772893609097885
11.85111629335226,70.77883696158419,1011.2809836045247,8.187792411274428
18.961643213606813,43.09523327190385,1024.624741403522,19.055588269752626
12.896726488128243,86.99767103701352,1019.3003119077498,7.878688474317685
31.577585646889837,77.18070086493313,1000.679185530639,28.847762455430377
25.58245317068895,35.36466013873557,1001.6301147815122,21.77489148636794
18.27245062131623,55.0548465470957,1011.5982844203083,15.47260399221297
11.588958757150591,82.74709845372988,1022.730505146539,7.102895318658425
17.774558042891556,86.68392133748462,1013.4675449488178,13.89097782009921
18.12958305066868,58.044090674992184,1012.4453127008572,14.488324659252351
28.240154458451602,66.80468335264246,1002.6368424989157,24.636975099476146
25.93893678388033,40.02203676552451,1016.4195026181073,25.589929288487113
32.18031856440817,89.4701175682186,1020.5525790150057,26.833284211520805
21.805373129048732,43.90030208300661,1009.5105001876891,16.397203823421044
12.989856148457543,86.56390644810753,1019.3902962731332,12.160828634463005
27.831119680574876,68.97879893954212,1024.1119163475203,27.145087890978743
29.019626215422434,66.46420769273155,1005.0941614781922,23.11189044057462
24.031929939237408,60.76131066099052,1013.0832407798686,22.373280016678272
29.274179498864026,43.84018870306552,1007.1784489521144,26.07622052260806
22.344889909109767,40.591681920330494,1019.821360475846,20.84228024375536
23.06832073454985,43.22917254421052,1014.4398341470289,21.49531036536631
20.68852545896374,41.18629572865527,1015.8645604387576,18.16039507189833
10.63547816860238,76.7750684140052,1019.9478539903973,5.229193416729325
12.69728567483261,51.0075155500038,1009.8992618165614,8.765827792699902
10.785729642168356,33.47056059380378,1022.8772517101761,7.279817781515682
25.91026028159451,88.14615780844868,1013.3257216811535,19.839307974711186
17.858899526908168,83.02715309780554,1003.9488705708837,13.57318529191918
22.71426727911757,85.66513699171279,1017.3974779542201,16.99949045131043
32.689161848152324,89.69446935878611,1019.8315337609564,29.568542511638256
16.232305728721872,40.433714953169236,1007.9190419266881,17.185112291735265
20.259573075890742,53.77452113415953,1021.4294814249688,16.410740536442677
28.888778463576216,75.49430854224548,1022.6535813691441,25.592872037534697
15.71995413729056,71.76123708322754,1006.9226121844453,13.131262503735051
11.924497745719824,39.233754380391304,1024.5880368178805,10.906814568538808
17.2437863228442,78.94998749943707,1003.517788201219,13.448197483704524
14.030532181350111,43.46643431019964,1005.0503917100623,13.342575302559574
33.242441308564324,43.42905688935738,1004.6056209809507,32.035486369457765
30.203009489110425,62.218465373604815,1022.3497427501968,24.616761375775585
25.835093912760584,65.57639609050219,1016.357313808124,24.29458623701402
31.78651475469294,64.80517247026867,1003.8026070805569,30.32083780571299
30.091801922477863,35.489210243865294,1011.0080854592087,26.790769201927436
14.664251472150896,82.64765175782281,1015.382450626745,10.607744555154959
32.313974962249446,45.93600255532236,1002.0866021247346,31.383832820105468
23.48355604789127,37.77089527696825,1022.0604092101835,21.176383644884137
30.186003879101563,83.32488479213863,1020.0900883860384,28.16571573502665
32.40228249808733,87.3390898937852,1012.6301693394159,32.76307299263679
17.950086874296595,81.72765703592704,1024.1781653814792,12.29173195723028
12.751298113191918,78.57096448349269,1010.4440244818775,6.060660682709734
15.698379063548542,69.3145188383413,1024.6027579759125,12.84029031284123
20.677694715656408,63.05144223654836,1016.6979999700907,18.968247614081278
30.45036914806233,35.21920559468461,1015.8667818313486,28.22767612063856
31.518264581408587,54.50719278424192,1004.1488723823946,31.69942626883856
10.173803263279767,52.36131102073884,1022.0481939576161,4.878526112796328
22.768682564439143,45.585227025619574,1010.6872421980154,21.875258459221385
20.435275078719474,73.40520682131509,1004.055835144562,15.553293096135933
15.552695261768257,59.75254410472625,1000.315187999394,16.00382386894654
12.99663418334207,34.862772954458876,1013.9938920909595,15.238526241955363
18.4403792850907,43.21099211698868,1013.1849905530669,14.746516503674568
33.572742597812976,70.99552581957576,1017.983840559229,28.92385203501703
18.080073300518883,34.56785156941801,1022.256451325445,18.07085649600759
22.969765543584153,81.07241484292612,1001.9851646160757,18.141883501858814
27.575473972379445,59.70879162083846,1018.2874122585091,24.499211955473044
19.09074005948235,58.83519463959888,1004.6852986024395,16.199757168587226
34.29455206802402,65.54446707957106,1021.4544263289291,27.17798240165015
34.06118237355278,79.48085795550895,1020.4765878465414,30.059463983588863
16.294557395634104,50.86855247413158,1013.5198438746386,12.371674223799177
22.431212647309636,70.68096915354381,1017.7560699655828,17.9109185448329
17.521957745419243,63.94391783974746,1007.8587528295938,17.212025860369497
17.12101235943669,46.02169621016528,1011.7791974733203,12.306913760369913
10.92217368386332,82.71779918130949,1020.5409224427618,8.4126940982938
25.23910834949742,77.8455612964157,1011.4816299293303,20.78890442401302
22.56697558072154,69.50711007950554,1008.944956633136,18.532099739754596
11.286968781249733,81.03490374565452,1012.3553111812575,8.81596738607043
16.966161605915286,82.03765205758813,1020.7062313109304,13.54438159217366
32.70664714916634,72.50177860290208,1008.3802011842719,30.2227842134603
15.98904726667431,80.22079970182033,1004.3440398283936,13.914376602649014
13.622371802280577,71.84828770015702,1017.8003505082695,9.367340650906081
22.236319006939077,70.80844630561802,1020.6494553177021,17.471423222642677
34.641261352765014,67.11668269291106,1002.5159369630883,29.115126165003865
16.05138178778751,75.16299837345846,1005.9968528188987,10.642410809156676
26.803388685146963,39.51630631758442,1003.5492997440249,30.725762219885194
29.04049038321794,82.85224555193571,1008.6985352895541,27.387237267094726
15.940938599809993,82.31061166471392,1011.2587744726353,9.123259284158255
28.20540871529649,31.75483698207355,1018.7206584240827,23.972750952705674
19.194578317981332,79.54900503388576,1016.2786896220418,16.180860189724026
25.807645764839485,37.73219204840671,1015.5232141869608,25.015565757175082
25.838242769022365,50.10713125554851,1008.8093736652413,24.430653876879667
23.394367101868962,74.61049537749646,1021.036188827119,19.153930745886743
12.257244251360207,39.64559376289849,1011.7821791849541,10.024056043209482
30.88256238973095,79.07802144714373,1024.4776234503788,27.584420365692477
18.019501624293397,79.92805067746451,1015.8535534573934,14.194885103006833
14.662962759996356,60.44806402565017,1003.1566185391125,7.201958813218776
11.019378538869098,30.383152303010014,1016.9044390518859,9.04062166256821
24.772323579706047,47.22228799049476,1008.1276003857924,20.70839631166068
26.93910904605706,67.01561510254453,1017.1581799171524,23.93875112874686
10.414695723196404,88.87117068164541,1001.7410287040601,11.941655194320951
22.802326457482025,67.9088116210001,1004.372035929399,20.14184920738063
15.662394379948449,45.588214863849586,1021.3934314726447,12.755924264411174
26.129319760236246,68.04034218597668,1005.6794889255879,24.570905654891916
14.359160725124786,62.39912278295133,1020.9260281310735,12.204580360395646
27.273443452561647,76.79072370906862,1006.9819022113603,24.2740962480119
19.668383657513434,36.4188383296175,1016.0720477514677,19.0611429274639
33.418249718418366,75.66167415012168,1017.3537643377458,33.748253140571364
13.438023603649832,62.47599472056662,1012.8163688286263,8.05244699696967
18.52665877625646,87.77952023153968,1007.6327669174183,15.084946918302387
12.836838031014727,50.51232996232116,1005.3161094092774,8.458459272935592
33.11734045696407,67.9573135880369,1000.8297338640607,30.83050007024672
31.933483834524527,85.92168633060105,1007.5986600310181,25.800026495022287
16.44854069287889,36.15058367944076,1016.3290697632821,13.806277881696683
26.499601150854478,86.23370923418707,1023.4576204612121,21.59773586066931
30.430555005030396,71.27314333804881,1021.7801120565763,28.81853127681737
23.880020289986557,34.07022354631032,1019.1516194133826,24.01341800055587
23.24126445890016,48.057814016808976,1019.7111835813324,18.346939005166945
16.046307272511292,72.4903253187169,1016.6246225868999,12.531659228575144
12.32756919514748,34.041036088126305,1006.50717143915,9.206357681242821
32.43039394883317,64.9302276105764,1022.6798757676457,26.666872746953683
32.51045142908326,50.752983417177404,1016.7683077976459,29.53876815737565
25.827536431831696,67.25493106604863,1014.011015774511,21.847824301617624
18.475744776217518,32.74452202875077,1002.774736730337,21.691951647471026
18.73023936531652,82.29220836914257,1011.1763885951607,15.481548597580783
28.148891971755983,88.4093381506438,1011.5089567800482,20.973190062715318
32.42775649881443,88.13267131714149,1021.6140902380668,26.891574924615472
32.177160606627936,74.97910990457548,1013.6662055046947,30.47097170225796
29.496888646440595,37.80517440783792,1009.5100137242603,31.78351547178855
26.050791153857194,75.49579175574135,1024.4200082127666,19.104034941594207
12.10349912487622,31.47521498752809,1002.7680148331578,6.769889605221726
14.040717852365344,31.327413091739835,1010.5637107077986,16.216277548521916
32.463854713176985,49.41661314897247,1001.0506168792851,30.772252410470173
25.160726491489747,59.318591424279944,1018.4976030191733,20.458211456523017
10.229926290415742,76.22444506846759,1022.9519138049787,7.487962209237233
12.536788571650803,70.9977225963903,1007.0009332387623,3.7154069637975318
26.587544227701397,56.7541623826049,1021.4585419199781,23.756587121765474
10.126539596155467,46.41759997689995,1007.3054557615475,8.46130194299664
14.020201285437466,89.82747000946267,1022.7692540410978,11.377368064039992
23.718344734164653,55.57087813415838,1018.8490475899196,18.912008922871657
27.29737994231733,57.08322145978053,1020.122669421036,24.614593192135022
26.299031487565014,39.81742927150015,1000.4501638900114,22.45731077187083
15.606732736513994,77.68857292499575,1024.0702589268506,12.233071601612842
27.8044805336884,71.62093354688932,1018.166774801758,22.432741211617884
15.931227187420003,43.24617676732562,1007.6187773846533,12.952716670733281
18.134992453981695,34.94286273695056,1020.7348666214712,14.396218527553708
28.662285127950604,70.82995812448279,1007.0380299603733,26.423059705373777
26.240822476180366,69.27067285686812,1021.8188459891531,24.49419106665029
31.23058526235445,46.395571619892564,1002.8145097602984,28.44156554144499
26.440322307508584,87.05181373502462,1017.5921494365199,22.16420761067741
24.20771508338679,39.06347350685401,1013.5174619161228,19.357358578777003
12.341869195702312,55.940088062556114,1002.4133617548861,8.945511496560933
19.19289507648584,86.61695521005593,1006.047345706471,14.761638081899553
16.630059192043134,55.18363901556734,1000.3101009069329,19.11246342332472
16.09974108447709,68.31155685984513,1011.7191991366127,10.460229189936506
34.325263868811135,53.855663877767654,1007.531631519,34.56083515242763
19.82744311666901,46.452912140920205,1014.958937107444,19.498515056554616
32.30116387942783,89.0386588775897,1007.4309451927154,28.41050374452862
25.778465649931572,54.560040378902585,1007.4979777876746,26.567704599376707
29.87028258854121,83.64595222074806,1018.5798299682901,26.432195922717536
22.5659273276298,43.79727635346517,1001.2035708994588,21.1543819012924
24.422597115658977,42.786282241505,1022.5723748797997,22.177041697548635
22.312942345471598,31.86804497307068,1021.3065968597796,23.16667786165532
14.881074694951113,69.10000952255311,1016.6951170806601,13.619012686445227
28.06130288153763,52.11158062342567,1014.8305392526846,24.20436927537392
17.019309061021396,81.86149499037822,1022.3075624534913,10.28773992230495
10.607899160786346,58.392594401493426,1004.6332544882179,7.28230816592036
26.136807397679195,88.09160567488331,1001.9742290547707,20.132149985139737
14.427766985176223,41.13153094218727,1005.9877542477385,12.244141288836149
33.51146460882286,82.11739007733664,1019.8644569675048,31.880471374324312
33.84821442506468,76.59581116750451,1000.8667566681621,29.103820556515874
32.871609755511216,76.25531067864313,1014.5701708770872,28.97319745895591
19.25396750638611,80.68699368701326,1024.8859379047828,15.335663291652239
10.386415413221686,75.66143945657993,1021.3924023459385,8.300205204803259
33.20796406469313,67.57321929788492,1013.0361422260897,25.335524431829676
20.704603707932858,37.87469266094325,1001.591022732166,17.5974684853551
34.16637047609174,31.951570769475115,1020.7843378596427,32.99135932217693
34.09049942723132,85.2508708689412,1014.9744627044303,32.228113796637984
31.325236386684,66.99901887124429,1002.8733249264892,26.991480548109372
17.36122230173964,77.79223745857058,1002.3464321205839,9.718505016727363
19.62744321504813,58.891341090753,1022.7406704859148,17.922299052442753
31.278416787921422,37.038491337743665,1016.730006573452,28.155767443382977
17.923050128906944,37.511147532153025,1020.7321699829189,13.668159434118568
14.237318667152312,71.13391723373829,1021.9744725070567,9.431932026038949
23.920031561458753,55.818353693967765,1014.2943088012081,20.760063161448667
33.40386935401952,42.0314836020202,1012.9361587938761,30.092805844842083
27.400744916874324,59.49567280448621,1010.7606852580248,20.014829162451875
24.251529252234125,33.85253622450804,1007.9236646947779,24.35303483478299
12.429412344269213,64.91828411486392,1010.8648990214677,11.733248221083462
25.375180667479242,46.13960426610586,1019.3469913932539,24.371244436852958
34.75134625260658,77.85354603823129,1015.0480857753782,28.583297609845385
13.5021003809131,48.621717535414426,1022.3130822488712,10.668031436247343
22.958241309093417,57.31320894490807,1011.0845003594796,20.079538231389098
31.934326798198885,30.697232394486036,1015.1772394679689,31.597053957598405
28.51921544385511,34.34681326767353,1015.7826888272997,28.138555757907593
27.4253935248817,53.549613384401084,1014.7924290576582,23.279565258104654
27.56210209967773,58.796330083027414,1017.5658443271379,24.78627670835348
18.98727878049388,66.00123288715822,1005.9358367093702,16.601777945366454
17.339796106612333,47.499754722558194,1012.8090944386448,17.876453014777955
30.23402888696284,71.69891316759255,1002.6056200702087,28.05809630823266
30.25283486697952,81.60734383135227,1009.6127831911203,27.750581050162943
31.676807964502594,76.791059333601,1012.1916767155316,28.004908253681265
32.83101381391178,32.37712952090143,1016.3056064886368,34.033075628273714
22.783559971523445,58.830416835469734,1023.7632763146551,20.661564721668952
22.53790736717999,36.29581070509049,1015.0162766637089,19.000941011578327
29.95737947416938,44.522700951751645,1018.589847904414,30.537984366832177
26.24909826944413,89.19975559602878,1012.65665148738,23.184917034720748
27.549171931442583,38.5497325740908,1015.8526007844083,24.73559726048108
29.894816735902527,59.933289207081366,1001.7733054033444,25.93916634074997
32.250133545439155,67.08934405908715,1006.3597895210462,29.48881743276632
18.449878921288395,72.14789823264624,1009.0463273301285,15.768853600191253
19.389573815998602,63.578921009214845,1011.8123338751628,16.605212296800275
12.349548496021725,30.58625084515102,1001.1412186375596,11.442853300649944
24.45700352490435,49.58767849463951,1003.500602438833,25.377534349325135
10.898556844918552,61.06269860308269,1006.9203576947826,9.98850821923419
21.639950453311506,35.27198994869,1024.2883172725262,20.257622138407058
23.566115867689415,51.037615872550845,1008.2836751775762,22.89685623559684
17.163531303207108,31.992186527481994,1012.051026452802,13.49887416977793
24.770831514225268,34.71470982930124,1004.9024428184598,23.830950122653825
10.762506248476235,53.815396572095764,1015.2695017768942,11.690349119337668
10.933704718730361,37.96294524258362,1007.0170803878993,8.599465665816432
30.565014016491457,64.05245089569348,1005.1748144609606,25.667123614468615
19.00476603528157,71.36789814823595,1012.9143157111495,14.13219335068365
13.17651281629712,78.03520194654497,1000.1376449790105,7.095486644285095
23.05608150137011,42.009014654688606,1000.1916008162307,19.38610695238027
29.249838827465272,40.04895493554419,1005.4767202275465,26.506374883508002
15.39552568742108,36.274070420064014,1000.9180340625205,10.770688128060595
25.57226189547501,68.1858149726182,1002.7006438532673,22.194207814743308
12.1336866248442,72.38854358921407,1008.4715162334688,10.31881379295679
11.292043029215193,31.895168689538522,1020.0646419894953,7.881772234444426
23.283865789203702,86.17273477462139,1014.3012160842325,22.01379689775617
23.515878040252662,33.118277019088346,1012.8166931489104,22.881548366353435
25.935747537455164,62.47778011806423,1007.337220580203,24.873019702800068
28.15228334306654,72.54363116705498,1023.2938429858204,23.209432677009517
34.396301986563365,82.25814742476513,1009.9253760309298,31.99244506945834
22.907508707529885,72.84521592794567,1002.1773191698943,17.081380110341975
18.073911823531148,78.10368498418751,1015.426662902945,15.94922257599479
29.879654869217593,50.367011552568364,1002.8459598369151,27.704982971176236
16.770806281551856,78.88950682479074,1008.6305785700423,13.932833380281886
20.9742855176409,34.806890783080505,1012.6852984679452,16.88275176723717
11.96140953355665,83.68899936363167,1021.8555631171293,5.986819880821857
10.633768585386438,62.85554256922418,1012.3386645085029,8.685447893431999
34.06621036694813,79.03786619774962,1017.5564691507916,28.217621048612244
30.899503012805145,57.13909707109801,1024.8204209749767,28.96896074344849
27.399355152342448,68.6146617117915,1003.2872279974496,21.23434645383238
20.223823610356746,61.58415965616679,1006.868288137988,18.840964052881745
14.332358001771144,73.89537130531991,1009.8644018899412,8.172542806968131
13.91092606677715,34.897798921835374,1010.5457044634708,13.270635996044428
16.256072454114882,33.62112503943383,1010.2755268816386,15.826278069435192
23.730666617653014,44.82619404060878,1022.6902750639139,20.095813278763426
27.86489806750156,39.5726808067913,1017.8508161116714,27.05031716133145
26.504934417943282,82.3070139955321,1015.1976303522675,22.910468244833787
16.99834742364857,43.15283924148266,1007.7343179465696,13.763021749188962
33.87163201657985,88.55191534914788,1020.5947596055323,27.426926880970043
28.447422917394213,50.213747506266415,1023.8765127871247,22.011484158735733
23.858851312785017,40.927074941321955,1020.5299570637557,22.511797660318308
25.293018655858805,77.38191042854875,1000.0391276297868,18.294317591707255
20.490001560694747,69.52246653005257,1015.9100342545852,17.204566633074734
16.193274737528938,59.89174298718834,1001.2783845360525,12.671791156005023
18.89931696628154,63.321813056257874,1006.440180508343,17.091511864345037
28.946152761609227,73.15210669633584,1001.4881175086942,24.684456427812705
10.359837215743896,43.70728447987793,1015.0948863237347,7.515577419055816
12.901816012672906,89.78003496340452,1017.1647478373152,9.876555673079272
11.150066050543819,88.487589728807,1002.8621909516477,7.395802622271703
11.018220057974254,69.01954118081622,1009.5959720761244,8.199554913299
31.38651460027518,41.972547055748706,1011.4059127238886,30.226422427104797
27.59144648450059,70.81369454587748,1009.2263255440229,20.979617510792504
21.85434572718313,34.33190453875055,1003.0256250121298,21.651327860219567
12.445854016275037,31.839150132348365,1010.4736947546869,12.078834097684823
22.29039687792081,45.46097331067282,1018.7794511952104,17.983981955234174
21.836794269514144,57.75737740435898,1001.7751916133313,18.460764451947792
14.33004674775038,82.09635032450282,1002.0045003520476,10.146614656269977
20.846291230949326,73.63014418597848,1008.8692822958996,16.895790452846935
19.962618359934336,74.56239127199886,1023.5431427904731,16.90221872947146
25.39625245130541,55.52960006688452,1016.7143161680729,25.482506011623553
25.877341271691094,50.75609955281777,1016.9667489168141,25.503069749395863
11.132600244301113,52.262325779076164,1009.0479997709466,5.895045568484491
19.36531536566178,89.25897382416346,1014.8415197802135,16.146506655065703
25.646497892855912,32.406551484748945,1000.2532796006935,26.684036957689283
22.578406464502194,82.02188976734692,1015.9024011602386,19.25092901751325
31.412246029708058,64.7205245143436,1022.8321736894059,30.358180654362815
26.467340790473624,56.31692515137543,1015.3143367086204,27.676035424306384
14.073360677035742,73.51545962490819,1021.8424648366587,12.445006788004296
11.764218685010746,59.200136485482176,1018.0993263866524,9.302829052020096
26.06048195515789,82.40539428489964,1003.0139604100923,24.030389189082413
10.662782763540545,84.04211184067552,1022.561332682146,6.75045283770055
24.64438953183658,55.30325561240733,1001.6610961088944,21.927032837786122
33.50575603562394,46.60966783410309,1013.3491868136941,30.47244417249132
24.386854446896976,65.54101971560173,1003.5534280948365,24.236630178781105
19.70424815516305,84.74180073700145,1000.2926652682726,13.830300786428975
26.08220546105883,42.63973134033999,1010.550856503191,27.014954343398063
21.456322262287916,67.37799501380897,1007.3760176913539,19.08715075907821
23.640419732898373,67.89361320555123,1012.15001234494,17.44712672301693
33.53662021941313,73.98678134491686,1014.4299971683638,30.572579738150132
19.652565945019354,37.894061107635586,1001.0934768077237,13.557809874334328
34.029764095597855,72.94949788092532,1003.0750823780936,31.63330523521366
32.63376604890159,84.54195123993847,1013.9660599112607,30.17713145288265
14.89477836973241,40.78098653221452,1008.5791838293164,11.671017131817576
11.734032521879136,44.25259949543266,1018.2293371887362,9.768497939018667
12.519450034435666,88.28370564249838,1016.3072912147985,12.01357961981132
10.455545641288744,40.85861716256939,1021.1401090747477,7.4011213746364
12.36107401889821,81.26310560217475,1017.3123206667307,6.180103564676272
27.075169335408923,59.53667138688209,1010.7482769347537,27.061662570990016
11.779716211505725,44.833864464190626,1016.8241655598608,13.463197369357783
17.974390757344032,82.24499407635068,1006.8845293563854,13.869532397222192
31.121882774236365,56.71831530015993,1007.6578374694553,30.30889308004508
10.581798393395646,60.88904123578141,1019.7246289980199,10.220298162668337
30.361712064723395,51.55400216398594,1011.1604879100396,26.29904349144733
17.046369369334997,65.57705108609565,1019.9595085129588,12.79690514429448
12.954120690541407,39.81143235510137,1020.560559341707,13.425298099095809
27.418429134103768,53.46489219910564,1021.4390584415321,28.115213081565503
25.7235711694971,88.16473934011725,1022.9158808960302,22.441095922839946
31.936800338176322,45.48800596206765,1010.7746305128325,27.90277133306883
28.376776095097146,69.40419987247753,1007.9716704580285,28.880688324872153
30.087023259621215,49.511403853481696,1014.5549686648528,26.5495112713232
17.050864314282663,76.40838754119605,1009.2793105859407,12.560169374879955
14.435988594493072,37.85241964310099,1015.0268541700058,13.228043281317264
28.76536879102146,88.18926270471269,1017.6396465660956,27.46422649721537
30.1708684816816,57.22737248301836,1017.2101254623034,29.01745181063513
34.76262855001683,44.16302780078784,1009.3638221755031,33.384208160701256
20.315441922785663,34.409804839800756,1004.1715050424688,19.521528741031837
19.30045214481958,40.18547430525244,1010.7632334615552,17.37820776684389
29.41032401854992,61.186436913361064,1003.5648536020477,27.46728120191888
18.520088506325447,50.22019058587718,1022.2524258795952,10.949958821642984
33.26893314008912,79.73300195295657,1008.6469365184464,28.689068124301695
31.460318796075295,55.85325141970836,1003.8614936805831,29.15030009492344
20.72485068437546,44.92285635525779,1000.6361939976438,16.176679699373555
28.771776694787434,67.0286991962418,1016.1455596571622,26.192988370598464
28.863571852117058,72.40663301312675,1015.9225579363685,24.83429775948848
12.578096720898316,40.02251447405699,1008.5151041645323,14.087922393826446
32.56382266698917,40.05715297729906,1001.7927972211912,33.707004468553926
22.63130931119643,32.20028561601258,1010.2407223723808,20.089683892159474
30.661436652693542,74.18412090393844,1007.7804373765848,26.65055518436323
18.00124002576529,69.8282716573083,1016.9280159933752,14.36193131168309
32.388080712405014,58.477852544988835,1015.1444812363172,28.560869132836324
19.73004196835408,80.65022693815183,1009.1148432049386,16.087580589502743
10.270941287007458,78.34020917700319,1005.4473138563748,4.837366690382119
32.63454941048159,65.12126186380513,1024.7008991538898,27.11725564741628
12.282166919653339,82.09627683079552,1011.3500405299029,9.422775525914101
17.982840939760372,42.350472602206096,1017.2068558945059,17.124376478093687
33.751549176270125,36.71517716386367,1003.513824189459,30.307158798756955
33.7651786734389,46.18497669101937,1012.139742491485,33.24664070041313
24.335947203082153,33.42521136535889,1000.6884179967367,21.401531176483548
25.795930304244983,61.87017168006192,1012.6363779477613,23.20875219631785
21.211138049457993,86.19634153769769,1024.1004351779425,18.54200899779802
17.330269292451614,32.36061244011058,1009.605167824645,15.64501354103866
18.2166136342479,37.32659484060161,1000.9749003143728,17.25976571650009
26.81296140192596,57.13194169700611,1000.7738947729836,22.92350502930051
28.809363235942,86.0325010516743,1009.6996689986718,24.11480501650209
29.789476093146213,48.96936629860503,1004.0006234115798,26.92928891645528
29.740453569863845,60.43408852130355,1000.5838024082046,25.22559245071819
12.280152576217258,32.494371543023526,1018.9053403487544,10.301885672834517
22.360507617564537,38.90059205772533,1011.4630752220472,17.318241416950777
11.438969000416106,89.19780737753081,1007.2311192993163,5.996771137255357
23.73822205809339,87.90712178616273,1022.502079575412,18.77311498204591
21.038262534334425,30.296398856064577,1002.9034740050131,19.011083086540438
32.19260456895749,87.10870712539435,1023.897970723883,27.354174320946214
18.77287531380197,68.34719626893002,1007.8491679344338,15.23198710063521
12.926675410690146,82.07509767120132,1022.210091807717,9.781803563302208
13.574792051320896,57.28439133803155,1015.0735719119865,12.459606632684363
29.037765792936806,60.93576171475502,1020.6676839935371,24.69144725350252
25.455451582906527,59.33079481541521,1024.6003290802616,20.082510131357477
12.528066903069757,70.01185545276627,1007.2101359454687,6.943385305945238
12.102670152874936,38.379075285378775,1024.0283871351899,9.209310546216141
27.524228286478,31.798415392360678,1009.7370473725605,25.230464881226947
11.819075159104838,48.47579649547146,1009.6377976184231,7.85529320193635
30.546501482258904,72.2808457641988,1008.5096776063626,24.340225865549176
27.656055678912406,42.1112071273769,1013.5351901836897,24.638253667595183
12.033719516047494,70.40594599949503,1003.8536260794622,8.876275456300684
12.120942852129797,88.19472276643623,1013.8427871339503,8.901265645479116
34.66598946252938,35.6340429473651,1013.5426203102501,31.76944120894449
19.356769893903007,70.35612709350758,1019.0475453151217,15.012967894940758
19.26605367667227,56.62501315827427,1020.8412490484396,14.581406401063937
30.319989181437563,82.08853526265032,1011.0110337578107,26.152684077555495
33.68121443459647,40.628987366843155,1007.5583312337874,29.952907797872683
34.650026595571774,71.55755713356987,1006.4833724329274,32.21840436537568
28.83445463147354,80.28691737888661,1004.8655959176218,21.248375778660986
19.406489638272895,86.6768531684414,1001.4411895549756,14.3533876349459
12.08751791746672,70.99488169737876,1008.5611994708678,9.139988510981265
29.42867289818592,59.83048584050564,1006.7561923032696,26.804817638805645
23.960106243395124,67.07083441207283,1024.1604346466602,25.992631850752478
20.605550231174405,82.1342990687231,1013.9427206562511,17.198435326874062
32.6588596273684,64.23658479832977,1008.6819259757627,27.43892119376789
12.779937057653783,31.82322358181021,1014.5116900248424,10.997847384385125
22.31562760727148,85.85692173041866,1003.4799175336424,14.470288853817644
10.283841119185476,71.37160506189366,1011.101093730055,6.554061367497271
21.716516049853155,70.59080314663478,1015.6558580355266,16.520863778519896
11.407581892045934,42.94050914386303,1012.2224457948113,11.091336985973106
12.970447906701798,69.53312821395943,1010.0444700163581,8.394710946812756
12.938156169427621,53.63186433924951,1024.8462097224924,10.023031120874652
26.230257552901588,69.07397862248953,1022.0078690537232,21.5054429389683
28.651121981635583,36.39558181847944,1015.585148953986,30.309045594418272
24.58421912742899,69.47071827618217,1014.2344340295571,20.46819768138406
34.05431371186354,89.96482354623998,1015.5165119956146,33.22118662150995
19.3717644880926,32.892722331633365,1005.0328026955608,19.355431895747465
17.142802157046518,88.63045105327905,1009.8784435816079,13.675413059053337
31.714978204736507,54.41447764337224,1000.9864883222725,29.73172061720293
15.589895962986315,82.24520702023554,1011.8886509371707,12.26523020840704
34.08056348601528,76.94312904349641,1013.5756145989416,26.378061875149236
10.30386186724541,64.02097565920008,1005.6937434025803,6.545046295983891
34.246970667690974,74.30695255507959,1024.1007211791377,32.22193898230564
11.078997798764403,82.71093367808086,1022.736365273431,6.845656747912149
32.27857784245178,54.24841929906198,1018.0535808863976,26.75577718389153
23.192527727157497,49.62198969379432,1013.334665719134,20.606619341312843
34.82411990298251,70.05560313381508,1021.7492289911921,34.72955077880274
11.844914118384972,78.47075651647552,1003.2663085955866,10.415159723630634
23.84635711003302,75.73710808659695,1019.7627448568721,19.935493686971107
34.23256339047747,77.86881893151806,1003.1205203491712,32.24202099801774
23.07744610425372,56.13499888877598,1019.8552665637351,19.537682119078816
25.73496595338156,79.0700529705013,1006.894189206284,18.373720131203058
27.39371722461543,37.212543322236506,1021.9272645254547,23.684158082244494
21.36352661919433,62.669345877650976,1023.6010523456349,21.35583686232818
25.688952002101587,30.345519629887296,1003.7198992351279,23.623689856948612
24.607857798077504,49.47514979401622,1011.5668901266348,21.647332349626655
32.52895026227472,51.98769209228387,1024.524684454067,29.329889265110765
11.136159508536448,53.770361496555324,1012.0851858993286,12.255914612854696
17.024079739805757,71.72803240139173,1021.5886880628636,16.689595950460294
33.76028710191397,53.31348607622074,1014.718288053283,35.532173264999194
32.25659459727291,56.921617357351835,1009.3832476979901,29.092423308605213
21.391418819642823,44.252647852459646,1007.1445888881467,19.77003540451403
25.50331494503842,52.39510749776041,1005.0805772771522,19.850274471308815
16.934529574528316,43.63617763578909,1019.0449547844424,17.70658954497541
14.703028993094033,34.39175542610662,1009.6635126705756,10.647882119252833
21.592460123499556,66.20691560288267,1012.7818865550188,18.71566547088068
18.833805700651318,70.09276791330097,1012.3081370000295,13.13456224972058
24.5914027962718,67.16942076057687,1014.4319757308283,20.055198104765566
11.94336592412462,57.80964262803434,1021.6394286406138,7.378358930623504
34.35987019165417,52.78714681075379,1024.5184835895857,30.50476232976484
34.65526861199007,81.80001897430952,1010.1896052143454,29.48702225697663
27.45404285049363,61.144907108173086,1020.6879730526575,23.30025990523482
23.40240915860301,58.75091265778386,1019.113194866368,22.131531349274432
17.738190407158193,31.538523948386143,1014.3382237863893,13.951538623613844
30.344875492673715,50.474869657569386,1023.9011785902983,28.26221486382298
27.118279313846983,52.811737127151424,1005.0118628882101,26.91361076210053
14.065423483622283,53.92936685381403,1002.7316052577405,10.342562411904789
32.77317961234606,64.81034215363994,1021.3490491738855,28.096824723168865
30.563431073079226,62.016152803612705,1010.9787454158437,27.001574182538086
33.7449978322981,66.47430556760668,1021.1742213551765,32.780732970639185
28.142987709709,75.8929956925277,1022.3272551298853,24.73655318698933
25.33537989839475,78.7791443229656,1001.5614398404767,20.33399409303127
20.456075907265472,73.08738457358967,1022.0866190746515,17.769459980962065
33.31821208385033,87.33142175729608,1011.2079763842355,26.747056696312676
31.65159723751021,31.093954960581698,1012.7608122251058,31.459618510367022
11.130466752654735,41.74667914101276,1015.6648127773302,9.860347411007632
10.6591743624313,30.453772498688526,1023.1595651682521,8.520868795219105
19.41158417195124,68.84848284927618,1000.4779023607441,14.291988432592971
30.263833269545824,83.88183293699922,1011.9210867079454,24.296379778128948
34.68190323287361,44.608937794577955,1017.193051060764,33.52109101583653
13.760422277588205,85.6220726877784,1018.0676739424557,11.937279648177409
24.853267883803376,33.61604341737365,1017.3133107884277,21.897850218877103
19.52227141577554,86.06616160833086,1003.360878235203,16.135736742461965
34.24785994536508,51.09736123437806,1007.484889709292,27.51893784644204
31.052973078392718,36.08524970695299,1008.9678881354254,28.079475131730668
30.958217617778445,59.15230555117954,1020.1109301919877,27.93848447447766
21.717328994874258,45.40659406323048,1006.9689968103638,17.627632457749066
20.37048755844163,47.092374117715366,1005.26762409668,16.14285610297667
16.835176798267657,48.43739789557719,1023.9362004759524,13.077747790551024
11.409387416273178,78.1815538699598,1000.2215821278368,8.084695179427936
31.61805940637633,62.34967660051527,1024.9455213920494,28.125917539537816
30.32252522825194,48.67846194936022,1016.9205324714349,23.412139664133985
34.992941832153264,66.6200269986551,1020.7117324862279,27.420540176950375
34.91592092684763,72.96904045339161,1007.3654849086548,30.0537385484637
23.885792640065688,46.35744004401202,1000.3578819416765,22.48329380997219
29.224685379512763,54.81294609152109,1018.4467379640382,20.98902838948624
33.619143247060705,37.313165600216855,1020.8536149250169,30.754024614746605
31.241184766935287,40.86896097208082,1018.511903298838,28.145241005296405
16.18370254357994,70.86707123789897,1003.571257182521,15.41702453810189
21.263603382752336,40.88630086173762,1018.8356980564242,18.449244716239726
13.228985378787375,61.50980302002361,1019.2230695526911,10.91947319726805
33.85127568146806,72.54277570334597,1016.4635128917514,30.506651176475692
25.154365861272,36.41261538568463,1019.1528983198897,19.07260213237337
15.716070137586568,64.03873317773422,1021.1480359919433,14.050547911963333
26.792517110146417,45.393767022081825,1015.3401028559365,24.953621769954903
25.453206011447396,87.77561251425479,1002.215117849242,22.080962665083835
18.954067950821013,59.01273880319548,1012.1906952416803,23.85590642353389
12.838939804990726,78.35955298650948,1001.9412333667901,4.752736276668076
26.78932988981999,63.01359252937571,1010.1885757758108,27.08804356287342
23.00769252259483,32.60475197128915,1010.1776622281407,20.802559885229662
29.30795979339098,67.98908253564134,1001.650246103506,26.483163475414933
23.004087527799832,87.08420053239942,1008.720513349237,18.558853010577376
31.304537507963502,66.09670920877987,1002.7749524697829,27.15122938072842
23.797670969362137,79.15133156560742,1020.2058802502305,18.70043853460425
24.023449288384654,83.05238780090447,1023.6922006491118,20.52984736948545
31.916340066458627,43.68478631693595,1001.8079118814485,26.697753357268475
20.087071655309927,42.7226903944936,1023.8778801822925,19.452095470628777
13.350380711266018,66.6588593310595,1013.0644149834186,9.185048934942534
10.719566907833475,54.66170818840229,1007.4891419488469,5.726342820332645
28.878431391840476,80.39167817200322,1001.9215518819041,23.958821767248686
25.507738783836615,84.00138740388067,1012.5156067017605,23.821967847367727
27.60199420248059,51.20528275816309,1019.8628886122688,23.97105989053999
15.324104037722769,44.21223353846892,1017.6771619316675,13.830399597218562
13.409286889669243,76.83153091463171,1001.2556502865993,8.10579779250671
10.363616641697048,46.48836213288817,1001.8225458841976,9.55504223489988
18.764688970164926,79.3568591108207,1010.0718320658159,16.1678614922043
24.74794217136583,55.42429521892577,1007.3822623511986,25.673945077012363
19.806101127493307,70.05299395748823,1005.8096080764012,15.952323538620465
20.936873050593228,35.73211883008009,1007.0251124727179,20.487576718605037
32.60396736234371,67.43155948059439,1020.0870685824221,29.42852446739188
18.706386675582507,57.10606072423374,1023.2307013407964,18.442827203096847
22.84973722899527,65.19650779052844,1010.1275673631892,18.152247064251387
29.591325318528575,40.0808524646918,1022.6527750533124,29.077293321048547
19.913569558031753,74.21242469665093,1008.037392531197,15.813553730965845
25.552167505696836,81.7678246525937,1011.9109246585948,21.335399918850154
31.55909271866863,43.00438800544654,1005.6507249454,29.592378287293048
33.738015591441055,35.7428733312097,1016.011901054396,32.45535271773393
13.676837023225948,31.418315162780182,1024.4745278793703,11.873463178843023
33.16469062903736,68.51829002659596,1015.0873274010845,30.168202494048614
22.302907326988453,66.42564216532685,1008.9453521028387,22.13786133384648
16.45610970747396,62.8018447628442,1016.1954361497632,15.286916840562188
21.478393905956533,43.916825766958524,1003.0730169616347,21.0208618026024
34.50081438213692,53.45435975433088,1022.2164770066349,30.917017342372638
22.31545234982174,65.66858011117039,1012.5770987694959,17.25354168780657
18.218790257187706,59.80601153155016,1011.2337435509911,17.139090797085704
25.835021357918144,89.26713121289325,1014.646619711338,23.12375838233307
16.003640469454826,38.18638515340399,1015.6195965697351,17.03966256328659
11.896583202716599,71.70867324285562,1001.7943951556629,7.103188288635359
13.22199304776623,54.259126086257524,1017.0654305305851,10.04993943273266
13.20114597394431,55.69197689553688,1006.0482920078882,7.137578804116597
13.797567337807358,73.05586593949057,1017.8488158126647,9.359831828711084
13.470679316235254,71.54616907946217,1020.5633698596049,11.88651188342104
26.021868620080365,89.4753596221313,1020.098962688813,20.615109880517405
14.54700210997862,37.703657367247516,1013.8125241851973,13.942778832017892
18.64168208309658,36.246578963049984,1013.0042473077688,16.44834692294846
32.4197102476503,73.46032902772447,1003.5718990334852,29.394807852707196
21.84904100657181,64.70321502038455,1019.3836537600783,16.318497475921248
26.68894346302568,46.44963999358835,1006.7852345111679,24.536880362614063
14.307996780040746,34.765162139339196,1012.4173855704487,6.58746673127234
14.80722547021677,35.13949497578583,1007.1068523231879,12.676458405103508
11.021715406661972,83.6514524798471,1003.3457090749923,3.578196295239337
14.223376576804114,41.512039483124575,1015.7389424222935,14.559763635741518
16.964758475798966,49.40229372693125,1001.3583008705726,16.049458494981426
14.42526210691867,43.59938413361928,1018.716130853155,13.178634864169867
12.21756334392639,51.29977834991624,1007.939669881528,12.694586880749338
13.015896777515021,34.1654305647656,1000.0033673251121,9.409792207627067
21.519469200818143,61.14358745449622,1012.7782284809307,21.957016223924448
15.158342960144813,34.05675381553289,1001.17129771319,15.319888397888937
19.10674652620189,78.0213904693417,1006.9042389455225,14.732566428296911
22.58543177137142,44.02272491462598,1017.6744121863929,22.655535820006012
27.25987071573413,62.400714876270634,1001.5672405405467,21.92724794709733
10.982803496027474,82.80474525368749,1020.9834623089,5.193537910287752
29.985259972726066,69.05264214283164,1000.0954980664645,25.31544841910508
25.697509737272696,61.977467193080116,1006.1705967300476,21.540680961490658
12.043975798721798,49.460025186922536,1018.5226014038018,7.457859253855165
31.83946560266943,49.98011478349187,1007.9067537432327,31.78662599768549
33.02181001329533,70.1692173118914,1002.5473097016503,28.995640346961096
11.526948996371594,89.64836167327005,1009.0058479700107,7.749540849421851
16.921941203680092,69.71035139096271,1006.7598321596131,12.295720901304595
30.155031994826533,63.46700504220149,1021.0677975540139,23.34047514161942
28.70649225959146,73.83903061435477,1007.8336979396286,25.554655445656568
14.613025483909432,57.91233673702309,1019.7233117944002,7.892898696218724
15.233733083417757,33.60854055604711,1022.2968036202684,13.416037963444465
19.26180256978455,63.73780895267459,1010.8454354894133,13.3382820444852
22.113074629775532,87.45751707032281,1022.7485785963598,21.714750774721008
25.4563692882574,40.51817654145958,1009.4329513490799,25.253185905533865
19.22284098924431,71.40029344923994,1024.1019604122528,15.864333899325274
21.563367903328697,42.05602131954339,1002.2322381131394,21.987980192660867
28.686773453343914,62.14966106838487,1017.1754816625811,23.8866584449932
10.917080072264948,35.800586978803175,1012.3453510114232,10.214009480664975
16.31092360860052,57.02225617549111,1009.6912201363912,13.85943166726339
27.83373964711381,75.36979973371476,1015.817796968715,24.59328982309541
32.38017094217999,50.85429145433892,1017.5964272908583,32.382163369676576
22.791936052891653,69.89470346923308,1000.1090817412577,20.762185084989603
23.30283713163289,77.72699764738375,1004.17382721868,19.993934574913748
12.6793002834944,85.63066916876716,1017.826151265858,5.0879919525994515
21.185309170586365,44.078524911327214,1016.6596353394551,17.061290334461077
23.315431661375577,53.958954948558485,1024.151187628217,20.372066046756203
16.06176259086824,39.14496079982504,1019.0259447562696,14.29125929943029
16.731080773734526,89.5490101295025,1023.7693176932835,9.993222817911551
19.432104077615566,85.62005807545772,1017.5635125383702,19.974454524999523
10.50177994444316,62.39742781683358,1007.451305215986,10.414696664108627
18.05197913957946,80.52199766258528,1002.6341230562714,15.23011589723516
15.286200174913617,61.25747863632253,1019.5455965836234,12.36739996566498
18.187433804447867,67.41514128016559,1016.103730536898,14.392258800637284
12.99405329548128,35.34746592696099,1001.2046503098325,9.32284307908876
32.263182018497375,75.31622522980848,1009.0012616475244,28.652331794044674
24.839811338851217,37.66280901811409,1023.9199953871072,23.472175968231014
26.97755797861224,79.5640578151517,1012.5100286427551,20.515833936891404
29.729280965183456,76.92168526022316,1010.8182284004927,26.551549536662094
22.46105497322643,72.52468186457858,1011.4424901289824,18.524302782348002
12.173007202185593,32.169622831485725,1005.222068100129,6.748910944856524
23.427663545463695,48.187701356719714,1009.2176792716199,19.297508456068705
24.671027950521978,45.78675419465057,1009.2453313996795,21.55447917394616
28.635986854608248,51.60818444829114,1001.3088755046869,29.83095294687407
20.791488655741986,35.25856480583031,1019.189190712948,20.141666664517988
13.189507569889095,86.21746938186376,1010.4126107975969,6.207670962596124
17.09439764496811,63.22813444274258,1020.5544971704106,14.905063501666255
19.077057409965878,48.33145863948141,1021.2587000279974,13.565876500115078
26.147931033290032,53.818891024457,1005.2998513674664,25.62236858984133
24.269457616722796,56.83215243029014,1016.4338370542532,20.48560069157253
18.902418147446156,66.03566000163704,1011.8070451040745,15.413362769885964
34.66288121982449,60.94076566178987,1022.0039184480371,34.26743623181938
25.14437048392218,85.16351839286504,1005.3935169794114,18.31186742711043
15.930669793399861,59.817808974349816,1016.9453300077511,10.145542974456387
12.544561815510093,89.52948088939877,1015.1938030563181,6.900889118348145
13.8214784796083,81.08549746470575,1007.3825369392958,11.843961308411645
16.148943209612703,42.51063086144015,1003.4150225912794,10.984719515587011
14.017034331488892,85.83571287863498,1016.290994011932,4.060937491336007
14.664175601282643,36.98198387312856,1018.4649364533083,11.912758690808218
17.127379217346178,79.04698250947149,1007.8906835940837,14.278511691694444
14.33433988236887,52.837397608594806,1016.1208151005578,14.092993501416785
32.41913561566063,82.67845922670418,1009.8782726902875,27.35888993015462
12.005843641541055,82.08340140644702,1017.8301720820655,7.078820356986699
23.112784739256366,78.35552400705727,1004.9803818723514,21.502810007414997
20.259920674741537,77.40182617842368,1022.2553750659043,12.65034596642951
34.559465422715164,48.280748345882444,1007.1852399116395,31.36838645505502
12.800972554201309,34.85515698307513,1009.1946496939038,11.439062484897669
19.946389976143543,54.178810725909685,1001.4522988020087,18.135886882418127
34.236760831884226,40.41147089919052,1002.7878053080319,31.196573900542937
31.637678147349508,71.69706533414771,1012.8965475678082,28.121706904053802
30.426801773732,50.76598359226713,1006.6898169181993,22.911847887292662
16.447570676123497,88.53661205159489,1020.8870056435549,10.704243248876057
14.272189684751645,68.45832464071992,1000.3673347163739,11.756290877824583
26.716080498110774,79.34883381806165,1009.4773512167984,20.78405073869833
33.23439972818964,37.95148036451091,1008.4336386692273,31.454794153143293
23.919072325348246,81.72086893635736,1000.48319077294,20.726773880135774
24.290317236747498,85.36543143080365,1003.1092099750127,19.336947263491787
16.999477341507102,59.22371512913615,1010.3410668729659,14.379219127043438
29.23732332979842,66.37517626505866,1012.3216146111862,23.99309938597626
14.676093713938084,75.88858805417973,1010.1072436813718,10.468441751837004
18.09198091010609,40.49031763562475,1013.2734419603023,17.287897367503298
20.635910965410417,60.15396458780654,1014.8782918726421,17.942158657956956
22.690259467111375,53.919781666338785,1000.2480955281959,18.821207844666567
16.060243310377004,38.782439529734944,1011.6023789863376,14.569554142471842
12.870920618480088,52.05206533749188,1024.0874810221896,11.69753693287873
25.265501061040816,34.09033856312961,1012.9758070032387,19.46110157572938
17.215763831006395,31.54871441696922,1016.9385566864738,17.95647624006973
24.530955535565305,38.109977349289366,1007.7965964479221,21.95294719073869
13.859067881855058,87.78690669535044,1019.3497844538191,10.320702413567997
22.028502546370436,62.97177215370102,1019.3230370469029,21.27440778597584
23.314735813789646,87.94932966919319,1013.0324011913535,16.173921935869053
11.295588420560673,55.94987269980792,1024.4003455819804,7.079212780715185
18.415106954848014,48.70896798511558,1003.1387553690663,15.402561163840826
13.360366923474356,60.36851177041464,1000.4236916222395,8.774434292704768
11.584374261819194,56.37070131797461,1019.2539552939274,12.235712347594081
34.74900580974863,36.33988105570464,1020.1788884341221,31.218467569309816
18.058846124368074,68.44957888141238,1003.0051807280144,13.525273621323723
30.246861146365873,42.96229095057598,1006.6395708239652,28.50752466204303
16.366016369094098,67.17527729386978,1000.4388090841658,10.60295345224843
27.037568055598232,69.01206554388921,1007.3327152695141,22.795603354891245
29.005696497242162,39.12149118771889,1019.3285468479668,27.68452846035657
24.890968515196107,33.680977626640086,1012.9490131928145,22.54119882509908
21.78940471375396,76.84569516410639,1008.7023898292072,17.76034623774874
20.296022853681713,57.588025426159206,1009.2934823726582,16.357957357477012
18.721706663574885,33.48982773032855,1000.0338406428867,14.018274658696923
33.23822860619565,89.69197903018602,1007.4950131891309,29.39681607736482
30.765485194693227,33.466833659782,1016.1614685409482,32.60200965499861
34.12567276666282,71.7021137315132,1024.354861095409,30.57737034165403
13.107430587138618,89.02073551580482,1021.1765206745974,9.106922045843476
28.271686880091107,44.350806252955536,1000.5898741161383,27.439592077677048
33.458511420525944,38.53496212123177,1022.464015116871,28.99310232137096
14.530826654141503,37.283096365345735,1019.5799603324657,16.071701152133425
11.662406684169436,48.196508854055736,1019.5094030892745,9.657238834312253
28.528016232251478,36.0627486606388,1011.4498939750893,29.98859259739776
24.3618278294978,71.52968050164792,1009.9501323238626,19.31927781336742
31.0457194189568,33.73750788780376,1007.5728932208298,32.99496786968226
13.494309415657238,60.56532768898738,1001.6423714738592,12.016354019277435
29.881682796497255,89.8018112311786,1005.7058840873425,26.497672406643044
15.040683001193614,78.83821617036114,1006.1650908744506,11.566821101381851
14.091398571642612,66.91316629386066,1012.101926742755,10.24868302080068
14.106644948274823,48.3752172471967,1018.6861101649173,14.088947402862733
30.364368005784552,67.43375017749831,1011.8452457099487,27.273400236605728
26.629930517405004,61.6224878346991,1001.446111236179,19.614666718495744
23.076635619227982,55.565003033422286,1023.9447450247051,18.064012544142862
18.970762103087562,37.84262260441197,1023.5681079773528,16.70693946848147
31.930013520327705,83.196252914428,1019.6297385787102,28.390198840937416
19.811127685565886,56.98707892927935,1024.7831975391055,16.848596761302126
30.41498598678943,41.6773507092459,1013.6120583200066,30.76906003091446
20.97837271425546,52.06556105263738,1024.0692087563302,14.472890933546342
19.423610735622688,54.84778515173562,1001.8901260154188,16.968397351046228
21.56699464174016,79.65227373401245,1009.1420187065343,13.948422504265226
17.534446854103553,74.01686283368412,1005.6345317001692,15.353028303387685
28.690234504406277,76.15829361848039,1004.8958271033567,24.69340239459825
22.56800975231198,30.661875865718834,1003.5200737223169,21.874135903074272
15.805317378670432,54.96923989078569,1015.5603410391499,11.329089462951615
32.48936433186421,58.88064909811942,1019.5330463936826,32.10426174027374
19.597280534330284,31.151536609383403,1014.457459985509,20.123153031978816
23.588821527849717,45.58879252470206,1003.6740677397053,22.47647050763839
32.661802774113674,75.6173893873281,1020.2780942483367,28.62189881102039
25.605949897849804,38.22658234373994,1015.8988676790932,24.85433535125307
12.922451017709102,62.1186078871555,1009.7041426531749,8.40273548737663
33.49580309033688,42.91211232103425,1016.8532573884015,33.06130879232659
25.692701326785446,30.727246478633596,1006.4976244810708,27.455300791501607
18.372640366427152,44.472087455972485,1008.6298052123552,18.2902571135869
13.481801816584682,88.55242529460322,1022.9371460782997,7.5949756122397005
29.8506297317574,78.09222671297937,1007.2626126417855,26.66885303065464
25.50181889821284,87.574598659262,1011.7497067039484,18.536805877732444
23.33652729940804,59.27124263558174,1022.2535284349003,21.517745789980303
32.347314576273945,36.584171920650206,1017.6930337566882,31.41931280596651
29.71493028061327,62.87756933842158,1001.5550806541175,22.83141913462786
13.791871993318779,57.26264007359765,1003.6825761069742,8.605172301814168
17.793051694888707,80.66142496437695,1000.196039769298,13.193702653182326
16.212228495361643,35.88495484705467,1015.7730447557291,13.816261258727256
28.598657314316924,59.29446822130669,1011.1918356352604,23.214980032413976
10.838310868394485,39.00291988163906,1003.3568712725569,9.666122333016899
24.24724212178291,49.480555613403595,1023.9483530264192,22.276161558993753
29.061467143517262,74.24142464326798,1013.2414930986405,24.960857647396825
31.919140919043738,58.56108776212599,1006.0473323528222,27.47950353062071
18.55204371789769,52.553297108746165,1012.5150892788677,18.021793115293505
30.53143261680032,53.66857671420212,1016.9905083183777,31.158818007266806
12.765793423880181,57.5668061043592,1001.9059804493392,8.920330150969146
31.161307293362956,77.10099263022342,1006.8675953761973,26.08192382754214
13.18721655829956,83.52508133641406,1020.1741372720999,9.99337782230285
19.93218226400918,87.3200811902357,1011.4916217600666,14.850119445003426
29.93238414448884,77.2142031753177,1013.6644285508073,25.792879584396484
13.747935683719344,48.924413744880766,1010.8204000552367,12.78102129992465
15.731284880816037,71.28808236519254,1001.0974985660752,8.348168587541824
28.056314209826656,56.25618744332351,1004.1437444955039,27.880109487365818
28.00091341365186,45.28023732276307,1011.1385409685473,25.882262596172385
26.028690822132432,80.45229476555537,1005.2296366351982,21.1830897947303
27.3487111116775,32.3055809377395,1001.2494757164919,25.554963756347625
23.568111083689907,84.1057195281254,1021.0912416012956,19.287683817324673
16.294976472673817,57.68864787748405,1024.529813229103,9.948141471909763
18.642399837597985,68.23208860849682,1019.8285718499185,18.220671862079616
14.539942920035642,69.56123533234697,1021.3446230426167,11.144532417959532
32.71126403334071,83.70706444239218,1006.0494282579261,29.411915072115853
24.58479486915301,68.20018093003245,1024.01567438783,23.077885363799474
20.021285419090997,66.8360150856037,1004.9231426113357,14.637159749690213
21.550145091103317,33.999122433641396,1023.7857452590458,20.797132767491703
33.68208349029538,61.104481316712246,1024.8704823491487,30.091577242662186
13.833785077902006,39.010140049022496,1017.7930701436512,13.576819625883868
24.65574580041993,74.24602612328914,1024.5285932947957,16.688989653552483
22.64721697211165,60.73331524876047,1014.2384944891776,19.41236260919109
25.286355885866193,70.8136667525012,1006.4885445794023,20.540031236673208
10.452754595521013,32.50037403614306,1010.9248971416405,9.69226179498217
31.803097723603788,35.087520962748194,1014.8390233844697,30.98881005020278
33.302957062090314,72.97940328376094,1001.8270390506754,28.238735108258215
24.12832958973022,34.325060159920405,1015.5585816154312,20.987728853382112
27.416270596922306,34.27540366591552,1024.5294459190573,25.481169676511872
33.062484529432396,30.726508514093247,1004.7526912445932,29.73287464909732
27.680965857834966,87.39008389796881,1019.8148779072096,24.99542905384078
13.813476072856535,74.25050156754043,1022.6974698444905,9.36253659358462
24.40720900417033,51.19508451012385,1023.5925398205055,16.033478340020853
25.1678761595714,47.792134877259315,1024.0033901101363,22.02862530246482
20.60326678255965,50.982193784750976,1013.0364909680368,15.977069451634156
28.41110589061807,76.47921187087091,1024.4326976997877,21.324593666152634
33.35917536922537,69.68223666422486,1018.9327551783609,27.40021025956898
33.13921282266941,41.11173407204808,1004.041785905924,31.302443062732944
21.270984285103303,40.44656012004506,1011.9225026616992,21.90593793559751
12.830951146018881,35.90373898280384,1017.9582793843001,11.66213314460865
34.62102997405836,69.61816318208028,1006.1835078954771,29.927115038522867
30.972452161148354,75.86235973330416,1016.0153795887222,28.09114256482455
13.116567030081672,45.90278569950024,1016.6650119761655,9.903247124668678
33.02104706543431,31.25669766185477,1004.0674935952142,30.069011444015285
31.747409051553205,34.93030004858564,1014.1271328113189,27.692168712657953
22.970951428151803,88.07160209070183,1019.2906727744652,15.063713710113273
24.781885893623233,47.72668664864521,1012.4723916133986,21.615704148072084
19.975067596753256,76.15338887028801,1000.3025779194027,16.48350513307912
11.369040970550783,67.47981413125584,1000.2259617269823,7.801802923958212
18.379931041147522,52.91637837917375,1008.9257335992503,14.902178266294117
30.071336214950286,42.341235731733306,1023.1548517107946,26.06278230697006
10.115800575115072,37.283185089564384,1005.7169194900902,9.46813370400679
18.337479292278605,66.900778082332,1015.8590922217921,12.358176548268837
19.954217339773585,76.47802683826728,1005.551896767333,17.682371825547172
23.434890073448074,68.63425521246785,1008.0417497414887,17.998743274971233
32.99639041031901,61.8181279949495,1021.2010522400371,28.400613535865464
18.65864985914903,32.517073405898174,1018.2215360567486,14.099225807622767
18.673830047405694,88.10932665566303,1002.3849819328302,13.265559420851268
28.43753120274371,77.92285149927447,1010.7175505246609,26.49201354473594
21.30544852224518,47.56932220205788,1000.7292440911316,19.958238589030195
15.61512057349955,88.79821976153104,1012.0222536650753,13.132053809479068
21.310987903317333,66.11289537817933,1016.5608502925267,19.049628226276237
13.521425509494996,64.94535949243479,1002.9625655899538,8.066817877812518
14.409674662655583,74.88439076577193,1007.2221234727291,10.00387667571187
22.459194318486993,78.70618728540825,1009.945915637554,16.963486695981654
20.473136237613698,69.38871643989016,1022.9882756164012,19.664850223697268
32.8711475267025,37.685744781972005,1024.8313753855741,28.593282994751277
19.059847477915827,50.296050359669906,1001.1227824748904,18.332440338710555
24.514708756951087,85.685018419563,1019.0251980873848,22.016365576190477
25.80660719798826,43.476936710631115,1009.2931016600586,27.29200076588888
10.32736141470834,52.330021430250795,1009.811454655737,6.891487157936806
26.588434300417767,55.92461297665176,1018.8566243336755,25.216847970745505
14.450899171743785,56.36429938166713,1022.9606608036352,16.195987875738112
34.026757936736374,66.77637494967152,1023.7732148625637,29.452655835385404
13.716568193827824,86.58455026468246,1014.428064650958,6.317260185528982
20.365603093175594,44.4415627099503,1008.9280289825126,14.38350488986255
12.133741701966096,37.290082578055085,1019.6887271464694,11.694661630786005
34.92185629614868,41.848229391596234,1006.2750345815575,29.063144410451702
22.554875258281065,83.21549401255618,1014.101850720838,17.64946245177741
24.884625433001094,68.74864875931236,1008.9644615381218,22.321819369113395
11.676911934710688,47.15440735434961,1016.4157768426969,9.689542640653036
28.749011759979446,78.95681633811704,1006.0099728223377,25.652060671441937
15.247639827389644,81.68219978180616,1004.7898236433706,11.608109549901044
32.45135723601784,80.79086032141669,1022.9559771668859,30.969545846573798
15.12849101205018,85.13559201837327,1002.5450920737384,8.967078649653923
14.767193016591664,45.134461210401696,1012.6489476933733,11.156479679154515
10.913741696202372,75.3025157247767,1005.5213195740753,5.603297019421889
21.80167362774998,57.632369836448404,1000.9732490831417,20.58043875965278
24.121028331565412,80.5199131734037,1000.9004704572857,21.895829849685356
11.64271598570881,73.70944062969679,1004.3805443026457,8.859694592860986
29.388190417375263,76.58684678998347,1021.66925886265,27.925835411655946
21.332220868700688,69.36971026086428,1007.0619685994257,15.50765362090471
23.1097567331895,40.645726168182414,1023.7614792643824,24.411918647882654
21.019068673455706,62.7016151338163,1014.5405573247299,20.930465160189407
20.01907652188315,89.0801843714705,1010.9153547442191,17.03631129780112
23.991008282705447,86.24328398982713,1014.5022208667364,23.242441900756212
13.881006148267812,32.5904241478207,1012.9174596306567,8.93823852552123
14.548203262381778,39.888888943766226,1018.9694063439331,11.504862542668164
31.544640525337933,37.903726407273716,1007.0624016493213,28.17884728361034
33.65288655334082,73.55879459911773,1008.8262597900076,31.41790547089962
19.332732906993826,79.0671197914167,1022.3523575633312,13.2790954382187
16.768616828588844,42.81068197864032,1023.6614128287601,16.1430730283318
26.099988580975396,60.351161577109735,1022.3139556871619,25.823502790113334
20.21835427745241,80.44218168067201,1010.4861998489329,17.586650993586805
10.634658891508622,73.96809268597504,1019.5091375751721,7.503756304532871
13.90381493415476,62.5342323295109,1011.9083933325275,8.801356635877717
27.899305721184938,65.42086142752638,1012.4384963036525,22.93456071755789
26.473098547753786,60.5016328149768,1005.1170027264321,25.947254717598277
10.677399812587087,47.85290707912924,1014.7782575814629,9.84345246644129
15.549304048323737,63.90131957154097,1004.6533974438337,12.2761990309916
15.776869914701784,71.33311812300545,1008.2891174766798,11.37439491701973
26.79731858996821,82.39937495164847,1021.3757550404983,18.625734096163033
10.492763443859104,68.1774812387549,1005.1768952302714,4.942184544552482
12.602714549614346,75.66729222258948,1001.7789571293358,12.64218811276432
29.997902134329735,39.60429809727438,1001.7251898153204,25.456776087461083
14.46361655135834,57.693448465187394,1023.5196130125777,11.957903770541133
26.31865269629687,30.559897189625598,1012.6730109490459,26.80554578320599
15.954569526168163,44.80073187129738,1010.2353017954255,11.20468759659871
12.48603481898363,73.5877029067803,1020.271964525198,9.176070623206781
16.07930477498635,89.5085970809618,1020.8956481977629,13.47970599595957
28.05667329639148,35.95068597523296,1008.3047758278901,26.284137641444335
31.392411702657142,54.08965895167729,1017.3404514368449,34.424734866406816
30.75549661417479,78.00425812194956,1019.2780703962972,23.518085190320917
19.92958824046137,42.24213807773393,1016.3662671716488,19.93493839634243
26.702128414266156,63.30509695813718,1003.7898768700024,23.19127009156637
15.124607385395525,73.98427776178049,1021.8970770879264,12.96923380697985
17.328693256525334,66.95912701561073,1013.4773638184002,14.863351209143287
32.40839546302799,41.28148407692497,1007.0618106592501,28.87800886496175
10.325048087768401,51.323074121144366,1010.6307046359424,8.216887166629864
12.1377132713617,77.02750706912383,1000.9392772599726,4.570535015108934
15.197156378650682,63.253590847921,1003.1966700305604,13.240971837397419
10.663305096845493,30.313776812574766,1019.1386687628965,9.743933188197806
14.535885877244933,75.65944560168563,1000.0002908688841,12.030233934446857
24.576039024242306,32.118681296414344,1010.4141457120573,25.08634160959589
20.53561376481245,74.74402696387392,1013.0627545271398,17.533652097038175
32.31679277692437,42.14883360991425,1001.3658605000243,30.505529936025212
30.436089043461024,87.48440880716282,1024.3269540743083,24.2997319297803
18.5454337924469,52.07644507812507,1005.6531332812418,14.517170011242547
16.485585835782313,49.615896980284745,1007.604967990907,16.378260227122738
19.49231020418167,38.93328301994668,1007.5985628063756,20.418316864596292
24.757373562870193,48.33625292941289,1005.7604165529337,21.86434004377544
16.701591020571907,82.59904570969204,1000.0368455521577,12.663644229593853
25.603722696228353,89.78006025763483,1018.2336198521999,19.305490933359078
20.23529130478101,52.098571830410904,1024.171137494982,19.975876403795354
23.801179521299506,56.916637857272555,1005.6073370821262,22.286181275819434
20.903163228382915,73.32425629216422,1016.5761797950855,21.1193852867022
17.361643988547943,83.17174682790447,1018.5474081739678,11.446410492793241
33.71133267405392,65.58266005120706,1021.2106344772632,29.67618387345713
29.09014485399402,53.491541890669765,1010.5657299253402,26.878459604511676
13.502829394161314,54.75731045091742,1007.5732726410107,12.057942947066984
31.71169939744782,71.73708878980841,1008.1323783505758,27.693509682862135
22.18577995623784,30.193095816256722,1017.8155333274628,18.930202984517607
32.363805672352285,67.17536024759045,1020.4194866626409,30.767852717819906
29.996381398682882,51.329580626481444,1004.5403491939151,28.872173092449973
20.630337611730837,77.65183987662505,1009.2735252039441,14.915197416772134
10.561732708002936,35.57943838938793,1022.5485049187288,11.49364639074453
16.71693398462365,65.29213601690343,1020.1673379923685,15.792724602171688
23.540855366521672,58.858373393167426,1024.6214600690619,20.866529691358885
25.836955495653683,68.53953155431364,1018.856206492052,22.569174642690076
16.447192135830058,33.8912156689781,1009.829880025698,15.860746894612967
13.483901851820603,64.79902724568788,1014.765945849866,8.520544349023693
30.873255919982476,63.689075277571426,1016.525356356183,27.748865114432068
34.61005451758881,63.639605664970254,1001.9613954079281,27.123307145121935
23.142254557567146,66.20925999578729,1013.6124239775967,21.58470284878365
14.291982146207587,70.58807623358173,1017.7330207118152,7.639591889644782
16.807683162984226,78.29933998084618,1004.1830326000265,15.899555820799915
10.459766913686668,46.18924320769286,1019.515792935639,7.490064565369123
32.857470164012476,79.50296461080373,1014.5943195128527,28.458987969609936
12.943777072253528,59.89534093580722,1023.8055446424398,8.693542213294156
24.41291188785634,34.62349674805987,1001.0605574551723,22.105659302609194
16.85138051718015,33.51305575463875,1006.6331534388867,18.012790419744285
23.854450062894834,50.05429912176365,1015.0388469824956,16.37611779373649
26.285509708796607,77.09381862668806,1007.4139978051483,24.98474954963858
30.74354509268004,72.46085608445495,1017.8606041017811,27.796549250660707
15.16053179401508,77.31689788034438,1018.9751320630482,8.880643604283431
10.274895716462012,61.03614338649656,1002.5628991016619,5.072463761038708
13.422140751720182,56.41193987732943,1012.8463616051692,13.954329812270116
32.50046604620263,38.84715160237704,1012.7222638897764,28.667094706198316
31.847251939062883,49.69156521655869,1009.2320192553885,27.05597265704303
24.935327554257707,56.04116197043251,1023.3231215642418,24.40789854046554
25.012921510841334,35.31602578077703,1020.6876579968306,23.924225974374313
26.625916863656386,43.236717162672676,1017.430234547741,22.588229852449953
14.38428196558624,65.89351764382434,1017.8581658933749,11.52285603420426
32.860298648123994,74.1397868543514,1011.542903595328,27.10180393812587
20.469263122301825,89.90085068357698,1023.0248630274144,18.175863384968185
19.578463206237437,85.98679988061346,1017.3648856813321,17.40186514195303
22.97294263207094,68.5539119721115,1018.2245265413954,20.60925943110925
11.174149169376376,55.27488319764432,1021.5422725946836,9.133727131988193
14.157084218901986,68.17064188249395,1006.8517897335548,14.270928374512035
28.45084041065926,77.13909708481393,1020.1767725966675,24.593258211195014
12.069966698128162,37.10017145540324,1004.8810150739123,7.851209874516398
25.078802736659703,54.59429338177729,1008.6335488061222,23.248035893235453
16.133727742033024,80.38813713813704,1008.3902613567461,16.286414984200402
19.732390351049414,53.02997711598264,1024.4631367097286,15.051372508878575
17.217343419267497,64.31233627363119,1021.4134305936982,13.278801072197965
18.89181791162373,65.26616165173189,1017.5292465397565,16.46140190524004
27.97614762960614,41.06857518801836,1018.1764190403848,25.81490917219374
17.428042890579377,51.734126499137304,1014.0518198600643,12.876729404867884
24.16011600742243,50.07067732451593,1023.677266677713,23.900297853657573
21.90126005497749,31.571802511923888,1012.4064688220591,24.962751373415816
26.591779134066204,31.451505833481313,1009.5129427467474,25.411466760439954
33.420743483118954,79.9018226205464,1004.0758834232897,27.617515772619633
28.31430243025626,46.38424859836874,1019.6551413065265,22.89716895023087
15.373509464768919,61.084725974328926,1018.3610983018898,12.835225128494834
10.779578376532116,47.92353441532639,1009.6088759631034,10.591156342398312
16.556601107495627,86.44075470692043,1000.6298353489807,13.184898865140369
24.87694826750637,45.55780553194643,1020.9749331929503,22.59425030907134
11.285645337106258,55.779408764336104,1000.2854495863519,7.31813159531084
22.40915618003091,82.36381502907611,1017.5924944907263,16.106638163140925
24.92107122292223,80.51601400750852,1024.2564277431513,22.564773175196567
18.356097270424023,41.16608507077664,1010.941533203705,18.12533625965636
29.272805093645548,78.15859858774263,1005.8743351248988,22.27341559087695
12.664956328344296,57.49121320427356,1017.6217752510845,12.970073624491985
11.878444543395219,58.97813232512131,1020.4282035503896,10.077680368927156
28.204718905090083,38.00879834495663,1013.6607579019462,29.10346827813384
22.38728290515496,34.836090825427476,1024.1758818814037,17.961222866913356
27.210059910693403,73.6763584184259,1001.291718041449,20.79459367894123
20.870683465093656,59.787669141317984,1012.6198899576132,17.583361388493163
16.16005083097767,56.21104215691077,1017.9613486830638,14.355067576922522
30.477557941854993,73.7704937191438,1021.5660117787295,30.381754901751727
29.985396974224482,75.93077393946658,1004.4813902976947,27.601016104881417
27.36741177136067,39.53449006016122,1020.0000870440921,24.90532471472854
16.803628430749068,66.61350896865848,1013.8176768929636,11.42021456698436
24.755766671727176,38.12124493666113,1009.9138420497491,25.309705570332422
19.02434742350067,75.08250516174274,1003.2928757144773,13.340811313912104
12.289551833165854,69.41730937602837,1021.6323939727229,12.075623473909078
32.93283938655607,87.39687726500748,1003.9318302044929,27.994226224092678
13.420465772974035,34.13748098138527,1007.7446964802275,14.894755869140472
33.75593384552006,33.423283269075256,1007.2511382990609,33.44263226218486
21.150144323948894,46.93122448159201,1021.7853508547713,18.529592120984375
